Rank,Name,Platform,Year,Genre,Publisher,NA_Sales,EU_Sales,JP_Sales,Other_Sales,Global_Sales
13353,Black & Bruised,GC,2003.0,Fighting,Vivendi Games,1.0,0.01,0.0,0.0,0.05
11530,Tempest 3X,PS,1995.0,Shooter,Interplay,1.0,0.03,0.0,0.01,0.08
4217,We Sing Encore,Wii,2010.0,Misc,Nordic Games,0.0,0.41,0.0,0.06,0.47
3796,Spider-Man,N64,2000.0,Action,Activision,0.43,0.09,0.0,0.01,0.53
58,Super Mario All-Stars,SNES,1993.0,Platform,Nintendo,5.99,2.15,2.12,0.29,10.55
12138,Spawn: Armageddon,GC,2003.0,Action,Electronic Arts,0.05,0.01,0.0,0.0,0.07
11903,DS Uranai Seikatsu,DS,2009.0,Misc,Nintendo,0.0,0.0,0.07,0.0,0.07
1686,WWE 2K14,PS3,2013.0,Sports,Take-Two Interactive,0.49,0.49,0.0,0.21,1.19
4799,NFL GameDay 2003,PS2,,Sports,Unknown,0.2,0.15,0.0,0.05,0.4
13177,Virtua Tennis 3,X360,2007.0,Sports,Sega,0.03,0.02,0.0,0.0,0.05
8151,Disney's Tarzan Untamed,GC,2001.0,Platform,Ubisoft,0.14,0.04,0.0,0.0,0.18
1300,The SpongeBob SquarePants Movie,GBA,2004.0,Platform,THQ,1.02,0.38,0.0,0.06,1.46
3715,SRS: Street Racing Syndicate,PS2,2004.0,Racing,Namco Bandai Games,0.26,0.21,0.0,0.07,0.54
2714,Assassin's Creed: Revelations,PC,2011.0,Action,Ubisoft,0.14,0.48,0.0,0.14,0.76
7143,Sword Art Online: Infinity Moment,PSP,2013.0,Role-Playing,Namco Bandai Games,0.0,0.0,0.22,0.0,0.22
14296,Foto Showdown,DS,2010.0,Role-Playing,Unknown,0.03,0.0,0.0,0.0,0.03
13094,Super Heroine Chronicle,PSV,2014.0,Role-Playing,Namco Bandai Games,0.0,0.0,0.05,0.0,0.05
6163,Famista '92,NES,1991.0,Sports,Namco Bandai Games,0.0,0.0,0.28,0.0,0.28
1319,Batman: Arkham Knight,XOne,2015.0,Action,Warner Bros. Interactive Entertainment,0.86,0.46,0.0,0.13,1.45
14103,Turbo: Super Stunt Squad,DS,2013.0,Sports,D3Publisher,0.0,0.03,0.0,0.0,0.03
1910,DiRT 3,PS3,2011.0,Racing,Codemasters,0.27,0.59,0.01,0.21,1.08
7769,J-League Jikkyou Winning Eleven 3,PS,1997.0,Sports,Konami Digital Entertainment,0.0,0.0,0.18,0.01,0.19
7073,Genji: Dawn of the Samurai,PS2,2005.0,Action,Sony Computer Entertainment,0.11,0.09,0.0,0.03,0.23
16291,ef - a fairy tale of the two.,PS2,2010.0,Adventure,Comfort,0.0,0.0,0.01,0.0,0.01
14190,Crimson Tears,PS2,2004.0,Role-Playing,Capcom,0.02,0.01,0.0,0.0,0.03
1615,Ninja Gaiden,XB,2004.0,Action,Microsoft Game Studios,0.92,0.2,0.07,0.04,1.23
12291,Super Mahjong 2: Honkaku 4Jin Uchi,SNES,1993.0,Misc,Imax,0.0,0.0,0.06,0.0,0.06
16190,Jewel Quest II,PC,2007.0,Puzzle,Avanquest,0.0,0.01,0.0,0.0,0.01
4508,Wheel of Fortune,DS,2010.0,Misc,THQ,0.41,0.0,0.0,0.03,0.43
15911,Adventure Time: The Secret of the Nameless,3DS,2014.0,Adventure,Little Orbit,0.01,0.0,0.0,0.0,0.02
7408,Valkyria Chronicles III: Unrecorded Chronicles,PSP,,Strategy,Sega,0.0,0.0,0.21,0.0,0.21
15297,Detective Jinguuji Saburo: Ronde Revenge,3DS,2012.0,Action,Arc System Works,0.0,0.0,0.02,0.0,0.02
9274,BIT.TRIP SAGA,3DS,2011.0,Misc,Rising Star Games,0.09,0.04,0.0,0.01,0.14
13619,Hana to Ikimo no Rittai Zukan,3DS,2011.0,Misc,Nintendo,0.0,0.0,0.04,0.0,0.04
11969,ESPN National Hockey Night,PS2,2001.0,Sports,Konami Digital Entertainment,0.03,0.03,0.0,0.01,0.07
11494,Ultimate Shooting Collection,Wii,2008.0,Shooter,Milestone,0.08,0.0,0.0,0.0,0.08
2109,Xenoblade Chronicles,Wii,2010.0,Role-Playing,Nintendo,0.49,0.26,0.16,0.08,0.98
3059,Naruto Shippuden: Ultimate Ninja 4,PS2,2007.0,Fighting,Atari,0.26,0.01,0.13,0.26,0.66
10725,Higurashi no Nakukoru ni Kizuna: Dai-Ni-Kan - Sou,DS,2008.0,Adventure,Alchemist,0.0,0.0,0.1,0.0,0.1
13264,Rugby 06,PS2,2006.0,Sports,Electronic Arts,0.02,0.02,0.0,0.01,0.05
10843,SingStar Apres-Ski Party 2,PS3,2010.0,Misc,Sony Computer Entertainment,0.0,0.07,0.0,0.02,0.09
3318,Split/Second,X360,2010.0,Racing,Disney Interactive Studios,0.32,0.23,0.0,0.06,0.61
4209,The Sims 3: Outdoor Living Stuff,PC,2011.0,Simulation,Electronic Arts,0.0,0.38,0.0,0.09,0.47
8868,All-Star Baseball 2003,GC,2002.0,Sports,Acclaim Entertainment,0.12,0.03,0.0,0.0,0.15
9245,Famista Returns,3DS,2015.0,Sports,Namco Bandai Games,0.0,0.0,0.14,0.0,0.14
11109,Thomas & Friends: Hero of the Rails,DS,2010.0,Misc,Unknown,0.0,0.07,0.0,0.01,0.09
973,Midnight Club II,PS2,2003.0,Racing,Take-Two Interactive,1.25,0.29,0.0,0.24,1.78
10112,Murakumo: Renegade Mech Pursuit,XB,2002.0,Shooter,From Software,1.0,0.01,0.06,0.0,0.11
13425,Yager,XB,2003.0,Shooter,THQ,0.03,0.01,0.0,0.0,0.05
6764,Turning Point: Fall of Liberty,PS3,2008.0,Shooter,Codemasters,0.21,0.01,0.0,0.02,0.25
8285,Dementium: The Ward,DS,2007.0,Shooter,SouthPeak Games,0.15,0.01,0.0,0.01,0.17
13508,TOCA Race Driver 2,XB,2004.0,Racing,Codemasters,0.03,0.01,0.0,0.0,0.04
133,Pokémon Crystal Version,GB,2000.0,Role-Playing,Nintendo,2.55,1.56,1.29,0.99,6.39
9016,Shining Force CD,SCD,1994.0,Strategy,Sega,0.0,0.0,0.14,0.0,0.14
6652,Family Guy: Back to the Multiverse,X360,2012.0,Action,Activision,0.14,0.09,0.0,0.02,0.25
1918,Marvel vs. Capcom 3: Fate of Two Worlds,X360,2011.0,Fighting,Capcom,0.79,0.18,0.03,0.07,1.08
14153,Kekkaishi: Kokubourou no Kage,Wii,2007.0,Action,Namco Bandai Games,0.0,0.0,0.03,0.0,0.03
4263,Mario & Sonic at the Rio 2016 Olympic Games,3DS,2016.0,Action,Nintendo,1.0,0.16,0.24,0.01,0.46
11241,Million God,PS2,2002.0,Misc,Nippon Amuse,0.0,0.0,0.09,0.0,0.09
5983,Kurohyou: Ryu ga Gotoku Shinshou,PSP,2010.0,Adventure,Sega,0.0,0.0,0.29,0.0,0.29
2615,Armored Core 2,PS2,2000.0,Simulation,Ubisoft,0.28,0.22,0.23,0.07,0.79
14556,Culdcept,PS2,2002.0,Strategy,Sega,0.01,0.01,0.0,0.0,0.03
1996,ATV: Quad Power Racing,PS,2000.0,Racing,Acclaim Entertainment,0.58,0.39,0.0,0.07,1.04
4244,Crayon Shin-Chan: Arashi o Yobu Enji,SNES,1993.0,Platform,Namco Bandai Games,0.0,0.0,0.46,0.0,0.46
2213,MLB 2000,PS,1999.0,Sports,Sony Computer Entertainment,0.52,0.35,0.0,0.06,0.94
13373,Arctic Tale,Wii,2007.0,Adventure,Zoo Digital Publishing,1.0,0.0,0.0,0.0,0.05
10709,Piglet's Big Game,PS2,2003.0,Platform,Gotham Games,0.05,0.04,0.0,0.01,0.1
2340,CSI: Hard Evidence,Wii,2008.0,Adventure,Ubisoft,0.36,0.43,0.0,0.1,0.89
14853,Shakugan no Shana,PS2,2006.0,Adventure,Media Works,0.0,0.0,0.03,0.0,0.03
11830,Wrath Unleashed,PS2,2004.0,Strategy,LucasArts,1.0,0.03,0.0,0.01,0.07
10550,Creeper World 3: Arc Eternal,Wii,2009.0,Strategy,Namco Bandai Games,0.0,0.0,0.1,0.0,0.1
653,LEGO Indiana Jones: The Original Adventures,Wii,,Action,LucasArts,1.54,0.63,0.0,0.22,2.39
12440,Akai Katana Shin,X360,2011.0,Shooter,Cave,1.0,0.0,0.01,0.0,0.06
12156,Driver: Parallel Lines,XB,2006.0,Racing,Atari,0.05,0.01,0.0,0.0,0.07
14232,Utawarerumono Portable,PSP,2009.0,Role-Playing,Aqua Plus,0.0,0.0,0.03,0.0,0.03
3022,Zaidan Houjin Nippon Kanji Nouryoko Kentei Kyoukai Kounin: KanKen DS,DS,2006.0,Misc,Rocket Company,0.0,0.0,0.67,0.0,0.67
10239,Top Angler: Real Bass Fishing,PS2,2002.0,Sports,Xicat Interactive,0.05,0.04,0.0,0.01,0.11
8887,Scarface: The World is Yours,Wii,2007.0,Action,Vivendi Games,0.12,0.01,0.0,0.01,0.15
14612,Attack on Titan (KOEI),XOne,2016.0,Action,Tecmo Koei,0.01,0.01,0.0,0.0,0.03
11329,The Seven Deadly Sins: Unjust Sin,3DS,2015.0,Adventure,Namco Bandai Games,0.0,0.0,0.08,0.0,0.08
15978,You Don't Know Jack,PC,1995.0,Misc,Vivendi Games,0.01,0.0,0.0,0.0,0.02
7694,Looney Tunes: Space Race,PS2,2002.0,Racing,Infogrames,0.1,0.08,0.0,0.03,0.2
2951,Halo 2 Multiplayer Map Pack,XB,2005.0,Shooter,Microsoft Game Studios,0.54,0.13,0.0,0.02,0.69
1529,Mega Man Battle Network 3 Blue / White Version,GBA,2002.0,Role-Playing,Capcom,0.39,0.02,0.85,0.03,1.29
14023,S.T.A.L.K.E.R.: Clear Sky,PC,2008.0,Shooter,Deep Silver,0.0,0.03,0.0,0.01,0.04
13672,Tennis no Oji-Sama: DokiDoki Survival - Umibe no Secret,PS2,2007.0,Sports,Konami Digital Entertainment,0.0,0.0,0.04,0.0,0.04
10190,Brave Story: New Traveler (US sales),PSP,2006.0,Role-Playing,Sony Computer Entertainment,0.11,0.0,0.0,0.0,0.11
3092,Taiko no Tatsujin DS: Touch de Dokodon!,DS,2007.0,Misc,Namco Bandai Games,0.0,0.0,0.66,0.0,0.66
1288,Assassin's Creed III: Liberation,PSV,2012.0,Action,Ubisoft,0.58,0.55,0.06,0.28,1.47
7058,Mega Man & Bass,GBA,2002.0,Platform,Capcom,0.16,0.06,0.0,0.0,0.23
9938,Love Live! School Idol Paradise,PSV,2014.0,Misc,Kadokawa Games,0.0,0.0,0.12,0.0,0.12
3918,Disney's Kim Possible: Revenge of Monkey Fist,GBA,2002.0,Platform,THQ,0.37,0.14,0.0,0.01,0.51
5319,The Shoot,PS3,2010.0,Shooter,Sony Computer Entertainment,0.13,0.16,0.01,0.06,0.35
14559,Blue Breaker: Ken Yorimo Hohoemi o,PCFX,1996.0,Role-Playing,NEC,0.0,0.0,0.03,0.0,0.03
2889,Tactics Ogre: Let Us Cling Together,SNES,1995.0,Role-Playing,Quest,0.0,0.0,0.71,0.0,0.71
16260,Makai Senki Disgaea 3 Append Disc: Raspberyl-hen Hajime Mashita,PS3,2009.0,Role-Playing,Nippon Ichi Software,0.0,0.0,0.01,0.0,0.01
15445,Legend of Kay Anniversary,PS4,2015.0,Action,Nordic Games,0.0,0.02,0.0,0.0,0.02
762,FIFA 15,XOne,2014.0,Sports,Electronic Arts,0.6,1.41,0.0,0.14,2.15
15894,Trigger Man,GC,2004.0,Shooter,Crave Entertainment,0.01,0.0,0.0,0.0,0.02
11659,Katekyoo Hitman Reborn! DS: Flame Rumble Kaien Ring Soudatsuen!,DS,2007.0,Fighting,Takara Tomy,0.0,0.0,0.08,0.0,0.08
11722,Disaster: Day of Crisis,Wii,2008.0,Action,Nintendo,0.0,0.03,0.04,0.0,0.08
15144,Invizimals: The Lost Kingdom,PS3,2013.0,Action,Sony Computer Entertainment,0.0,0.02,0.0,0.01,0.02
7042,Naruto Shippuden: Ultimate Ninja Storm Revolution,X360,2014.0,Fighting,Namco Bandai Games,0.13,0.08,0.0,0.02,0.23
5838,Stranglehold,PS3,2007.0,Shooter,Midway Games,0.24,0.03,0.0,0.03,0.3
14096,Hakuouki: Zuisouroku DS,DS,2011.0,Adventure,Idea Factory,0.0,0.0,0.04,0.0,0.04
10544,Capcom vs. SNK 2 EO,XB,2003.0,Fighting,Capcom,0.08,0.02,0.0,0.0,0.1
12385,Blur,PC,2010.0,Racing,Activision,0.01,0.04,0.0,0.01,0.06
4300,iCarly,Wii,2009.0,Adventure,Activision,0.42,0.0,0.0,0.03,0.46
11816,Uprising X,PS,1998.0,Action,3DO,1.0,0.03,0.0,0.0,0.07
10835,Ghostbusters: The Video Game (DS Version),PC,2010.0,Action,Take-Two Interactive,0.0,0.08,0.0,0.02,0.09
14913,Monster Mayhem: Build and Battle,DS,2009.0,Simulation,Zushi Games,0.02,0.0,0.0,0.0,0.02
1343,Need for Speed Rivals,PS3,2013.0,Racing,Electronic Arts,0.33,0.74,0.05,0.31,1.44
6997,Hatsune Miku: Project Diva f,PSV,2012.0,Misc,Sega,0.0,0.0,0.23,0.0,0.23
3870,Harry Potter and the Prisoner of Azkaban,GBA,2004.0,Action,Electronic Arts,0.37,0.14,0.0,0.01,0.52
5035,Final Fantasy Adventure,GB,1991.0,Role-Playing,SquareSoft,0.0,0.0,0.38,0.0,0.38
7586,Imagine: Babyz Fashion,DS,2009.0,Simulation,Ubisoft,0.19,0.0,0.0,0.01,0.2
13101,Suzuki Super-Bikes II: Riding Challenge,DS,2008.0,Racing,Valcon Games,0.05,0.0,0.0,0.0,0.05
10621,Vanishing Point,PS,2001.0,Racing,Acclaim Entertainment,0.06,0.04,0.0,0.01,0.1
8524,N2O: Nitrous Oxide,PS,1998.0,Racing,Gremlin Interactive Ltd,0.09,0.06,0.0,0.01,0.16
4114,Secret Weapons Over Normandy,PS2,2003.0,Simulation,LucasArts,0.24,0.18,0.0,0.06,0.48
4125,Theme Park Roller Coaster,PS2,2000.0,Strategy,Electronic Arts,0.23,0.18,0.0,0.06,0.48
11881,Hakuouki: Yuugi Roku,PSP,2010.0,Adventure,Idea Factory,0.0,0.0,0.07,0.0,0.07
12493,Alvin and the Chipmunks,Wii,2007.0,Misc,Eidos Interactive,0.05,0.0,0.0,0.0,0.06
7308,EVE Online,PC,2003.0,Role-Playing,CCP,0.0,0.19,0.0,0.02,0.22
14679,Tom and Jerry in War of the Whiskers,XB,,Fighting,Unknown,0.02,0.01,0.0,0.0,0.03
16143,BlazBlue: Calamity Trigger,PC,2010.0,Fighting,PQube,0.0,0.01,0.0,0.0,0.01
3057,Tony Hawk's Proving Ground,PS2,2007.0,Sports,Activision,0.55,0.02,0.0,0.09,0.66
13725,Shattered Union,XB,2005.0,Strategy,Take-Two Interactive,0.03,0.01,0.0,0.0,0.04
12581,TrackMania Turbo,XOne,2016.0,Action,Ubisoft,0.02,0.03,0.0,0.0,0.06
4727,Command & Conquer: Red Alert,PS,1997.0,Strategy,Virgin Interactive,0.23,0.16,0.0,0.03,0.41
7009,Sword Art Online: Lost Song,PS4,2015.0,Role-Playing,Namco Bandai Games,0.09,0.1,0.0,0.04,0.23
16302,Moe Moe 2-Ji Daisenryaku 2,PSP,2010.0,Strategy,System Soft,0.0,0.0,0.01,0.0,0.01
11878,Disney's Donald Duck Advance,GBA,2001.0,Platform,Ubisoft,0.05,0.02,0.0,0.0,0.07
8116,Aliens: Colonial Marines,PC,2013.0,Shooter,Sega,0.1,0.06,0.0,0.02,0.18
10255,Outlaw Golf: Nine Holes of Christmas,XB,2002.0,Sports,Simon & Schuster Interactive,0.08,0.02,0.0,0.0,0.11
12132,Deep Labyrinth,DS,2006.0,Action,505 Games,0.06,0.0,0.0,0.0,0.07
7215,LEGO Harry Potter: Years 5-7,PC,,Action,Warner Bros. Interactive Entertainment,0.05,0.14,0.0,0.03,0.22
11461,Space Channel 5 Special Edition,PS2,2003.0,Misc,Agetec,1.0,0.03,0.0,0.01,0.08
10995,JASF: Jane's Advanced Strike Fighters,X360,2011.0,Simulation,Deep Silver,0.06,0.02,0.0,0.01,0.09
3947,Hidden Mysteries: Titanic - Secrets of the Fateful Voyage,DS,2009.0,Adventure,GSP,0.12,0.33,0.0,0.06,0.51
16101,Ben 10 Omniverse 2,X360,2013.0,Action,Namco Bandai Games,0.0,0.01,0.0,0.0,0.01
2619,Drawn to Life,DS,2007.0,Action,THQ,0.71,0.02,0.0,0.06,0.79
16070,IL-2 Sturmovik,PC,2001.0,Simulation,Blue Byte,0.0,0.01,0.0,0.0,0.01
8982,Dragon Ball Z: Idainaru Dragon Ball Densetsu,SAT,1995.0,Fighting,Namco Bandai Games,0.0,0.0,0.15,0.0,0.15
14988,Diabolik Lovers: Vandead Carnival,PSV,2014.0,Action,Idea Factory,0.0,0.0,0.02,0.0,0.02
7185,Hidden Mysteries: Buckingham Palace,DS,2010.0,Puzzle,Avanquest,0.13,0.07,0.0,0.02,0.22
5539,NCAA GameBreaker 2001,PS,2000.0,Sports,Sony Computer Entertainment,0.18,0.12,0.0,0.02,0.33
1704,Pokemon Super Mystery Dungeon,3DS,2015.0,Role-Playing,Nintendo,0.46,0.31,0.33,0.08,1.19
5628,Dance Dance Revolution Universe,X360,2007.0,Simulation,Konami Digital Entertainment,0.3,0.0,0.0,0.02,0.32
9905,A.C.E.: Another Century's Episode Portable,PSP,2011.0,Simulation,Namco Bandai Games,0.0,0.0,0.12,0.0,0.12
2909,Command & Conquer: Red Alert Retaliation,PS,1998.0,Strategy,Virgin Interactive,0.39,0.27,0.0,0.05,0.7
15116,Namco Museum Battle Collection (JP sales),PSP,2005.0,Misc,Sony Computer Entertainment,0.0,0.0,0.02,0.0,0.02
13277,Amnesia Crowd,PSP,2013.0,Misc,Idea Factory,0.0,0.0,0.05,0.0,0.05
9284,Learn Math,DS,2009.0,Puzzle,DreamCatcher Interactive,0.13,0.0,0.0,0.01,0.14
11332,Chibi Maruko-Chan: Harikiri 365-Nichi no Maki,SNES,1991.0,Misc,Epoch,0.0,0.0,0.08,0.0,0.08
7075,Wipeout 2,3DS,2011.0,Misc,Activision,0.22,0.0,0.0,0.01,0.23
14706,Moto Racer DS,DS,2008.0,Racing,Nobilis,0.0,0.02,0.0,0.0,0.03
240,Pitfall!,2600,1981.0,Platform,Activision,4.21,0.24,0.0,0.05,4.5
11797,Hero Bank,3DS,2014.0,Role-Playing,Sega,0.0,0.0,0.07,0.0,0.07
1935,Disney Universe,Wii,2011.0,Action,Disney Interactive Studios,0.67,0.3,0.0,0.1,1.07
14202,Sunday vs Magazine Shuuketsu! Choujou Daikessen,PSP,2009.0,Fighting,Konami Digital Entertainment,0.0,0.0,0.03,0.0,0.03
8637,Chessmaster: The Art of Learning,DS,2007.0,Misc,Ubisoft,0.12,0.03,0.0,0.01,0.16
7297,American Idol,GBA,2003.0,Misc,Codemasters,0.15,0.06,0.0,0.0,0.22
2844,Jampack Winter 2001,PS2,2001.0,Misc,Sony Computer Entertainment,0.35,0.28,0.0,0.09,0.72
773,Toy Story 3: The Video Game,DS,2010.0,Action,Disney Interactive Studios,0.93,0.97,0.02,0.21,2.12
4425,Food Network: Cook or Be Cooked,Wii,2009.0,Misc,Namco Bandai Games,0.41,0.0,0.0,0.03,0.44
4696,Mobile Suit Gundam: Gundam vs. Gundam NEXT PLUS,PSP,2009.0,Fighting,Namco Bandai Games,0.0,0.0,0.41,0.0,0.41
2902,Spider-Man 2,PSP,2005.0,Action,Activision,0.35,0.21,0.0,0.14,0.71
8293,Backyard NFL Football '09,PS2,2008.0,Sports,Atari,0.08,0.07,0.0,0.02,0.17
3170,Konami Collector's Series: Arcade Advanced,GBA,2002.0,Misc,Konami Digital Entertainment,0.46,0.17,0.0,0.01,0.64
16369,Hakuouki: Shinsengumi Kitan,PS3,,Adventure,Unknown,0.01,0.0,0.0,0.0,0.01
16060,PDC World Championship Darts 2008,PSP,,Sports,Oxygen Interactive,0.01,0.0,0.0,0.0,0.01
7881,NBA 2K11,PC,2010.0,Action,Take-Two Interactive,0.18,0.0,0.0,0.01,0.19
13898,E.T. The Extra-Terrestrial: Interplanetary Mission,PS,2001.0,Platform,Ubisoft,0.02,0.01,0.0,0.0,0.04
8946,Yu-Gi-Oh! Nightmare Troubadour (US sales),DS,2005.0,Action,Konami Digital Entertainment,0.15,0.0,0.0,0.0,0.15
15417,Worms,X360,2007.0,Strategy,Microsoft Game Studios,0.0,0.02,0.0,0.0,0.02
2339,Finding Nemo,GC,2003.0,Action,THQ,0.69,0.18,0.0,0.02,0.89
13786,Guild Wars Trilogy,PC,2005.0,Role-Playing,NCSoft,0.0,0.03,0.0,0.01,0.04
3030,The LEGO Movie Videogame,PS4,2014.0,Action,Warner Bros. Interactive Entertainment,0.24,0.31,0.01,0.11,0.67
11361,Petz: Dogz Family,PSP,2009.0,Simulation,Ubisoft,0.05,0.02,0.0,0.01,0.08
6782,Avalon Code,DS,2008.0,Role-Playing,Rising Star Games,0.11,0.0,0.12,0.01,0.24
3983,Super Robot Taisen MX,PS2,2004.0,Strategy,Banpresto,0.0,0.0,0.5,0.0,0.5
7333,Disaster Report,PS2,2002.0,Action,Agetec,0.03,0.02,0.15,0.01,0.21
9608,Black Dawn,PS,1996.0,Simulation,Virgin Interactive,0.07,0.05,0.0,0.01,0.13
5076,Shin Megami Tensei: Devil Survivor Overclocked,3DS,2011.0,Role-Playing,Ghostlight,0.28,0.01,0.06,0.02,0.38
1446,Mortal Kombat X,XOne,2015.0,Fighting,Warner Bros. Interactive Entertainment,1.0,0.21,0.0,0.13,1.35
2685,All-Star Baseball 2003,PS2,2002.0,Sports,Acclaim Entertainment,0.38,0.29,0.0,0.1,0.77
10183,Smash Court Tennis 3,X360,2007.0,Sports,Atari,0.08,0.02,0.0,0.01,0.11
1255,Tokyo Xtreme Racer Zero,PS2,2000.0,Racing,Crave Entertainment,0.66,0.52,0.15,0.17,1.5
5952,Batman: The Brave and the Bold the Videogame,Wii,2010.0,Action,Warner Bros. Interactive Entertainment,0.22,0.06,0.0,0.02,0.3
9814,My Farm Around the World,DS,2008.0,Simulation,Atari,0.11,0.0,0.0,0.01,0.12
15491,Dynasty Warriors 8: Empires,PSV,2015.0,Action,Tecmo Koei,0.0,0.0,0.02,0.0,0.02
13265,Fatal Frame II: Crimson Butterfly Director's Cut,XB,2004.0,Action,Microsoft Game Studios,1.0,0.01,0.0,0.0,0.05
10861,Rygar: The Battle of Argus,Wii,2008.0,Action,Rising Star Games,0.09,0.0,0.0,0.01,0.09
11913,Moxie Girlz,DS,2011.0,Misc,GameMill Entertainment,0.07,0.0,0.0,0.0,0.07
13309,World Championship Pool 2004,PS2,2004.0,Sports,Jaleco,0.02,0.02,0.0,0.01,0.05
6515,Riding Spirits,PS2,2002.0,Racing,BAM! Entertainment,0.13,0.1,0.0,0.03,0.26
8354,Space Griffon VF-9,PS,1995.0,Role-Playing,Panther Software,0.02,0.02,0.12,0.01,0.17
7865,Chou-Kuukan Night Pro Yakyuu King (weekly JP sales),N64,1996.0,Sports,Imagineer,0.0,0.0,0.19,0.0,0.19
6939,Tony Hawk's Downhill Jam,Wii,,Sports,Activision,0.21,0.0,0.0,0.02,0.24
2381,Derby Stallion II,SNES,1994.0,Sports,ASCII Entertainment,0.0,0.0,0.87,0.0,0.87
5908,Rabbids: Alive & Kicking,X360,2011.0,Misc,Ubisoft,0.15,0.12,0.0,0.03,0.3
16074,World Poker Tour,GBA,2005.0,Misc,Take-Two Interactive,0.01,0.0,0.0,0.0,0.01
5147,Theatrhythm Final Fantasy: Curtain Call,3DS,2014.0,Misc,Square Enix,0.13,0.08,0.15,0.02,0.37
12426,Winx Club: Quest for the Codex,DS,2006.0,Action,Konami Digital Entertainment,0.03,0.02,0.0,0.01,0.06
10989,Disney's The Haunted Mansion,XB,2003.0,Platform,Take-Two Interactive,0.07,0.02,0.0,0.0,0.09
837,Need for Speed: The Run,PS3,2011.0,Action,Electronic Arts,0.58,1.06,0.03,0.37,2.04
3579,Knockout Kings 2001,PS2,2001.0,Fighting,Electronic Arts,0.28,0.21,0.0,0.07,0.56
5692,Quiz Magic Academy DS,DS,2008.0,Misc,Konami Digital Entertainment,0.0,0.0,0.32,0.0,0.32
10427,Princess Debut,DS,2008.0,Misc,Cave,0.1,0.0,0.0,0.01,0.1
4687,pro evolution soccer 2011,PS2,2010.0,Sports,Konami Digital Entertainment,1.0,0.21,0.05,0.11,0.41
15154,Balls of Fury,Wii,2007.0,Sports,Zoo Digital Publishing,0.02,0.0,0.0,0.0,0.02
3311,Duke Nukem: Total Meltdown,PS,1997.0,Shooter,GT Interactive,0.34,0.23,0.0,0.04,0.61
1531,Resident Evil Zero,GC,2002.0,Action,Capcom,0.54,0.27,0.45,0.04,1.29
14844,SWAT 4,PC,2005.0,Shooter,Vivendi Games,0.0,0.02,0.0,0.0,0.03
495,Titanfall,XOne,2014.0,Shooter,Electronic Arts,1.84,0.8,0.04,0.22,2.9
15120,Samurai Shodown V,XB,2006.0,Fighting,Ignition Entertainment,0.02,0.0,0.0,0.0,0.02
13279,Pachitte Chonmage Tatsujin 15: Pachinko Fuyu no Sonata 2,PS2,2008.0,Misc,Hackberry,0.0,0.0,0.05,0.0,0.05
12664,Katekyoo Hitman Reborn! DS: Flame Rumble Mukuro Kyoushuu,DS,2007.0,Fighting,Takara Tomy,0.0,0.0,0.06,0.0,0.06
11065,Detana TwinBee Yahho! Deluxe Pack,PS,1995.0,Shooter,Konami Digital Entertainment,0.0,0.0,0.08,0.01,0.09
7251,Lethal Skies Elite Pilot: Team SW,PS2,2001.0,Simulation,Sammy Corporation,0.11,0.08,0.0,0.03,0.22
13594,Battle Rage,Wii,2008.0,Shooter,Popcorn Arcade,1.0,0.0,0.0,0.0,0.04
756,Tennis,NES,1984.0,Sports,Nintendo,0.48,0.11,1.56,0.02,2.17
16343,Grooverider: Slot Car Thunder,GC,2003.0,Racing,Encore,0.01,0.0,0.0,0.0,0.01
5417,Spy Hunter,XB,2002.0,Racing,Midway Games,0.25,0.07,0.0,0.01,0.34
9762,Gundam Memories: Tatakai no Kioku,PSP,2011.0,Action,Namco Bandai Games,0.0,0.0,0.12,0.0,0.12
5550,Eternal Sonata,X360,2007.0,Role-Playing,Atari,0.19,0.04,0.08,0.02,0.33
15741,Clue / Mouse Trap / Perfection / Aggravation,DS,2006.0,Misc,Unknown,0.02,0.0,0.0,0.0,0.02
459,Kung Fu Panda,X360,2008.0,Action,Activision,1.91,0.84,0.0,0.29,3.05
312,Tekken 5,PS2,2005.0,Fighting,Namco Bandai Games,0.93,1.94,0.31,0.7,3.87
1299,Xenogears,PS,1998.0,Role-Playing,SquareSoft,0.29,0.19,0.89,0.1,1.46
8079,Pokémon I Choose You / Squirtle Squad Game Boy Advance Video,GBA,2004.0,Misc,Nintendo,0.13,0.05,0.0,0.0,0.18
8893,Major League Baseball 2K13,PS3,2013.0,Sports,Take-Two Interactive,0.14,0.0,0.0,0.01,0.15
12706,Blade Dancer: Lineage of Light,PSP,2006.0,Role-Playing,Atari,0.05,0.0,0.0,0.0,0.06
1385,Far Cry 2,PS3,2008.0,Action,Ubisoft,0.43,0.7,0.01,0.27,1.4
12291,Super Mahjong 2: Honkaku 4Jin Uchi,SNES,1993.0,Misc,Imax,0.0,0.0,0.06,0.0,0.06
14076,Hello Kitty: Roller Rescue,PC,2005.0,Action,Empire Interactive,0.0,0.03,0.0,0.0,0.04
14477,To LoveRu Trouble: Doki Doki! Rinkaigakkou-Hen,PSP,2008.0,Adventure,Marvelous Interactive,0.0,0.0,0.03,0.0,0.03
15470,Atlantic Quest,PC,2011.0,Puzzle,Avanquest,0.0,0.02,0.0,0.0,0.02
7166,Hatsune Miku: Project Mirai 2,3DS,2013.0,Action,Sega,0.0,0.0,0.22,0.0,0.22
4672,Cyber Troopers Virtual-On,SAT,1995.0,Fighting,Sega,0.0,0.0,0.42,0.0,0.42
11121,Sniper Elite,XB,2005.0,Shooter,Ubisoft,0.07,0.02,0.0,0.0,0.09
754,Final Fantasy XIII,X360,2010.0,Role-Playing,Square Enix,1.27,0.68,0.01,0.2,2.17
1824,Castlevania: Lords of Shadow,PS3,2010.0,Action,Konami Digital Entertainment,0.5,0.37,0.1,0.16,1.12
11197,Counter-Strike: Source,PC,2004.0,Shooter,Vivendi Games,0.0,0.07,0.0,0.02,0.09
12253,Jam Sessions 2,DS,2009.0,Misc,Ubisoft,0.06,0.0,0.0,0.0,0.06
10327,Railroad Tycoon II,PS,1999.0,Strategy,PopTop Software,0.06,0.04,0.0,0.01,0.11
6632,Hatsune Miku: Project Diva F 2nd,PS3,2014.0,Misc,Sega,0.09,0.04,0.1,0.03,0.25
6809,Marvel vs. Capcom Origins,PS2,2006.0,Fighting,Capcom,0.11,0.08,0.02,0.03,0.24
16142,Norn + Nonette: Last Era,PSV,2015.0,Action,Idea Factory,0.0,0.0,0.01,0.0,0.01
15499,Rose to Tasogare no Kojou,PSV,2016.0,Action,Nippon Ichi Software,0.0,0.0,0.02,0.0,0.02
11303,The King of Fighters '98: Dream Match Never Ends,PS,1999.0,Fighting,SNK Playmore,0.05,0.03,0.0,0.01,0.08
12153,Imagine: Gymnast,DS,2008.0,Simulation,Ubisoft,0.05,0.01,0.0,0.0,0.07
12090,Dragon Valor,PS,1999.0,Role-Playing,Sony Computer Entertainment,1.0,0.03,0.0,0.0,0.07
13106,Alias,XB,2004.0,Action,Acclaim Entertainment,1.0,0.01,0.0,0.0,0.05
14242,Yumeiro Patissiere: My Sweets Cooking,DS,2010.0,Simulation,Konami Digital Entertainment,0.0,0.0,0.03,0.0,0.03
305,Assassin's Creed: Unity,PS4,2014.0,Action,Ubisoft,1.18,1.96,0.08,0.7,3.92
11522,MXGP 2,PS4,2016.0,Racing,Milestone S.r.l.,0.02,0.05,0.0,0.01,0.08
9464,Steel Battalion: Heavy Armor,X360,2012.0,Misc,Capcom,0.08,0.03,0.02,0.01,0.13
1004,Star Wars: Starfighter,PS2,2001.0,Simulation,Activision,0.61,0.87,0.02,0.26,1.76
10193,Kouchuu Ouja Mushi King: Super Collection,DS,2007.0,Action,Sega,0.0,0.0,0.11,0.0,0.11
7548,Jillian Michaels' Fitness Adventure,X360,2011.0,Misc,505 Games,0.17,0.02,0.0,0.01,0.2
4191,Momotarou Dentetsu V,PS,1999.0,Misc,Hudson Entertainment,0.0,0.0,0.44,0.03,0.47
8652,J-League Pro Soccer Club o Tsukurou! 6: Pride of J,PSP,2009.0,Sports,Sega,0.0,0.0,0.16,0.0,0.16
148,Final Fantasy XII,PS2,2006.0,Role-Playing,Square Enix,1.88,0.0,2.33,1.74,5.95
8675,Guilty Gear Xrd: Sign,PS4,2014.0,Fighting,Arc System Works,0.1,0.0,0.04,0.02,0.16
614,Marvel: Ultimate Alliance,X360,2006.0,Role-Playing,Activision,2.29,0.02,0.0,0.19,2.5
13774,Empire Earth III,PC,2007.0,Strategy,Vivendi Games,0.0,0.03,0.0,0.01,0.04
12629,Gegege no Kitarou: Youkai Daigekisen,DS,2008.0,Action,Namco Bandai Games,0.0,0.0,0.06,0.0,0.06
7725,Beyblade: Metal Fusion - Battle Fortress,Wii,2009.0,Action,Konami Digital Entertainment,0.15,0.0,0.03,0.01,0.2
4633,Dance Dance Revolution Ultramix 2,XB,2004.0,Simulation,Konami Digital Entertainment,0.32,0.09,0.0,0.02,0.42
1989,The Simpsons Game,X360,2007.0,Action,Electronic Arts,0.54,0.4,0.0,0.11,1.05
12468,PenPen TriIceLon,DC,1998.0,Racing,Infogrames,0.0,0.0,0.06,0.0,0.06
7361,Hannah Montana: The Movie,X360,2009.0,Adventure,Disney Interactive Studios,0.14,0.06,0.0,0.02,0.21
8366,Catwoman,PS2,2004.0,Action,Electronic Arts,0.08,0.06,0.0,0.02,0.17
4342,World Stadium 2,PS,1998.0,Sports,Namco Bandai Games,0.0,0.0,0.42,0.03,0.45
15242,Discovery Kids: Snake Safari,DS,2009.0,Simulation,505 Games,0.02,0.0,0.0,0.0,0.02
14262,Toushin Toshi,3DS,2014.0,Role-Playing,imageepoch Inc.,0.0,0.0,0.03,0.0,0.03
11472,Prey the Stars,DS,2008.0,Action,Tecmo Koei,0.07,0.0,0.0,0.01,0.08
9240,Pro Yakyuu Netsu Star 2006,PS2,2006.0,Sports,Namco Bandai Games,0.0,0.0,0.14,0.0,0.14
13257,Block Kuzushi,SNES,1995.0,Puzzle,Pow,0.0,0.0,0.05,0.0,0.05
11412,Ice Age 2: The Meltdown,Wii,2006.0,Platform,Vivendi Games,0.06,0.01,0.0,0.01,0.08
7648,From Russia With Love,XB,2005.0,Action,Electronic Arts,0.15,0.04,0.0,0.01,0.2
11648,Salon Superstar,DS,2009.0,Simulation,505 Games,0.07,0.0,0.0,0.0,0.08
1093,"Monsters, Inc.",GBA,2001.0,Adventure,THQ,0.59,0.95,0.03,0.1,1.67
59,Pokemon FireRed/Pokemon LeafGreen,GBA,2004.0,Role-Playing,Nintendo,4.34,2.65,3.15,0.35,10.49
6187,Backyard Wrestling 2: There Goes the Neighborhood,PS2,2004.0,Fighting,Eidos Interactive,0.14,0.11,0.0,0.04,0.28
7410,Disney's Planes,WiiU,2013.0,Simulation,Disney Interactive Studios,0.15,0.04,0.0,0.02,0.21
11737,Wizardry: Llylgamyn Saga,PS,1998.0,Role-Playing,Locus,0.0,0.0,0.07,0.0,0.07
165,Super Mario World,GBA,2001.0,Platform,Nintendo,3.21,1.11,0.95,0.2,5.46
8713,Polaris SnoCross,PS,2000.0,Racing,Vatical Entertainment,0.09,0.06,0.0,0.01,0.16
12567,World Soccer Winning Eleven 9 (US sales),PSP,2005.0,Sports,Konami Digital Entertainment,0.05,0.0,0.0,0.0,0.06
3375,NHL 11,PS3,2010.0,Sports,Electronic Arts,0.4,0.13,0.0,0.07,0.6
9349,Winter Stars,Wii,2011.0,Sports,Deep Silver,0.06,0.07,0.0,0.01,0.13
4529,Ghostbusters: The Video Game,PS2,2009.0,Action,Atari,0.15,0.04,0.0,0.24,0.43
11373,Death Jr. and the Science Fair of Doom,DS,2007.0,Platform,Konami Digital Entertainment,0.08,0.0,0.0,0.01,0.08
4942,Blood Omen 2,PS2,2002.0,Action,Eidos Interactive,0.19,0.15,0.0,0.05,0.39
2425,The Legendary Starfy,DS,2008.0,Platform,Nintendo,0.61,0.0,0.2,0.05,0.86
9487,Shrek Super Party,XB,2002.0,Misc,TDK Mediactive,0.1,0.03,0.0,0.0,0.13
1535,Transformers,PS2,2004.0,Shooter,Atari,0.63,0.49,0.0,0.16,1.29
9875,Onimusha: Blade Warriors,PS2,2003.0,Fighting,Capcom,0.06,0.05,0.0,0.02,0.12
14901,The Great Battle Gaiden 2: Matsuri da Wasshoi,SNES,1994.0,Action,Banpresto,0.0,0.0,0.03,0.0,0.03
1096,Spy Hunter,PS2,2001.0,Racing,Midway Games,1.13,0.32,0.0,0.22,1.67
11539,Sengoku Musou 3: Moushouden,Wii,2011.0,Action,Ackkstudios,0.0,0.0,0.08,0.0,0.08
11942,"Hi! Hamtaro - Little Hamsters,big Adventures: Ham-Ham Challenge",DS,2005.0,Misc,505 Games,0.07,0.0,0.0,0.0,0.07
12423,Crayon Shin-chan: Arashi o Yobu Kasukabe Eiga Stars!,3DS,2014.0,Adventure,Namco Bandai Games,0.0,0.0,0.06,0.0,0.06
10662,Atelier Sophie: The Alchemist of the Mysterious Book,PS4,2015.0,Role-Playing,Tecmo Koei,0.01,0.02,0.06,0.01,0.1
14960,NBA Starting Five,XB,2002.0,Sports,Konami Digital Entertainment,0.02,0.01,0.0,0.0,0.02
9330,Quick Yoga Training,DS,2008.0,Misc,Ubisoft,0.13,0.0,0.0,0.01,0.14
6656,Madagascar: Escape 2 Africa,X360,2008.0,Action,Activision,0.12,0.1,0.0,0.03,0.25
5642,Extreme Pinball,PS,1995.0,Misc,Electronic Arts,0.18,0.12,0.0,0.02,0.32
1751,NASCAR Thunder 2002,PS2,2001.0,Racing,Electronic Arts,0.57,0.44,0.0,0.15,1.16
8846,Terraria,PC,2011.0,Action,Unknown,0.0,0.13,0.0,0.02,0.15
13416,Yoru no Nai Kuni,PS3,2015.0,Role-Playing,Tecmo Koei,0.0,0.0,0.05,0.0,0.05
8278,Power Pro Kun Pocket,GB,1999.0,Sports,Konami Digital Entertainment,0.0,0.0,0.17,0.0,0.17
6980,Meteos,DS,2005.0,Puzzle,Nintendo,0.15,0.01,0.06,0.01,0.23
9943,CSI: Crime Scene Investigation,XB,2004.0,Adventure,Ubisoft,0.09,0.03,0.0,0.0,0.12
16014,Tom Clancy's  Ghost Recon Advanced Warfighter (weekly JP sales),X360,2006.0,Shooter,Ubisoft,0.0,0.0,0.01,0.0,0.01
13096,Rave Master,GC,2002.0,Fighting,Konami Digital Entertainment,0.0,0.0,0.05,0.0,0.05
15366,Chicago Enforcer,XB,2005.0,Shooter,Kemco,0.02,0.0,0.0,0.0,0.02
11495,Kenshuui Tendo Dokuta,DS,2004.0,Simulation,Spike,0.0,0.0,0.08,0.0,0.08
11304,Air Conflicts: Secret Wars,X360,2011.0,Simulation,bitComposer Games,0.06,0.02,0.0,0.01,0.08
7217,Imagine: Boutique Owner,DS,2009.0,Simulation,Ubisoft,0.2,0.0,0.0,0.02,0.22
4623,Rush 2: Extreme Racing USA,N64,1998.0,Racing,Midway Games,0.35,0.06,0.0,0.0,0.42
10710,Real Bout Garou Densetsu,SAT,1996.0,Fighting,SNK,0.0,0.0,0.1,0.0,0.1
9713,Rocket League,XOne,2016.0,Sports,505 Games,0.03,0.09,0.0,0.01,0.12
3737,How to Train Your Dragon,DS,2010.0,Action,Activision,0.32,0.17,0.0,0.05,0.54
11717,Baroque,Wii,2008.0,Role-Playing,Rising Star Games,0.07,0.0,0.0,0.0,0.08
13589,Free Running,Wii,2009.0,Sports,Reef Entertainment,0.02,0.02,0.0,0.0,0.04
2676,Dragon Warrior I&II,GB,1999.0,Role-Playing,Enix Corporation,0.0,0.0,0.77,0.0,0.77
6011,Area 51,XB,2005.0,Shooter,Midway Games,0.22,0.06,0.0,0.01,0.29
2123,Tom Clancy's Splinter Cell: Blacklist,PS3,2013.0,Action,Ubisoft,0.34,0.41,0.06,0.18,0.98
7549,MLB 10: The Show,PSP,2010.0,Sports,Sony Computer Entertainment,0.19,0.0,0.0,0.02,0.2
10965,Bomberman Max 2: Blue Advance,GBA,2002.0,Puzzle,Vivendi Games,0.07,0.02,0.0,0.0,0.09
11172,F.E.A.R. Files,X360,2007.0,Shooter,Vivendi Games,0.07,0.01,0.0,0.01,0.09
1537,Mystery Case Files: MillionHeir,DS,2008.0,Adventure,Nintendo,0.76,0.4,0.0,0.12,1.29
11289,SafeCracker: The Ultimate Puzzle Adventure,Wii,2008.0,Puzzle,The Adventure Company,0.07,0.01,0.0,0.01,0.08
14019,Hakuouki: Zuisouroku,PS2,2009.0,Adventure,Idea Factory,0.0,0.0,0.04,0.0,0.04
13175,Smart Kid's Party Fun Pak,DS,2008.0,Misc,UFO Interactive,0.05,0.0,0.0,0.0,0.05
15887,GTI Club: Supermini Festa!,Wii,2010.0,Racing,Konami Digital Entertainment,0.01,0.0,0.0,0.0,0.02
4309,Persona 4: Dancing All Night,PSV,2015.0,Misc,Nippon Ichi Software,0.13,0.1,0.15,0.07,0.46
5491,Legends of Wrestling II,PS2,2002.0,Fighting,Acclaim Entertainment,0.16,0.13,0.0,0.04,0.33
8440,Klonoa,Wii,2008.0,Platform,Namco Bandai Games,0.11,0.02,0.03,0.01,0.17
9931,Harukanaru Augusta 2: Masters,SNES,1993.0,Sports,T&E Soft,0.0,0.0,0.12,0.0,0.12
11662,Katekyoo Hitman Reborn! DS: Flame Rumble Hyper - Moeyo Mirai,DS,2008.0,Fighting,Takara Tomy,0.0,0.0,0.08,0.0,0.08
14021,World Championship Pool 2004,XB,2003.0,Sports,Jaleco,0.03,0.01,0.0,0.0,0.04
4195,Dead or Alive 4,X360,2005.0,Fighting,Tecmo Koei,0.3,0.03,0.1,0.03,0.47
15940,Oyaku de Asoberu DS Ehon: Ukkari Penelope,DS,2008.0,Simulation,Tecmo Koei,0.0,0.0,0.02,0.0,0.02
10923,Dragon Ball Kai: Ultimate Butouden,DS,2011.0,Fighting,Namco Bandai Games,0.0,0.0,0.09,0.0,0.09
2007,Need for Speed: Most Wanted,XB,2005.0,Racing,Electronic Arts,0.53,0.46,0.0,0.05,1.04
3133,Sengoku Basara: Samurai Heroes,PS3,2010.0,Action,Capcom,0.17,0.04,0.4,0.03,0.65
2897,Two Worlds,X360,2007.0,Role-Playing,SouthPeak Games,0.41,0.23,0.0,0.07,0.71
16131,Voodoo Chronicles: First Sign,PC,2011.0,Adventure,ValuSoft,0.01,0.0,0.0,0.0,0.01
13091,Virtua Fighter CG Portrait Series Vol.5: Wolf Hawkfield,SAT,1995.0,Misc,Sega,0.0,0.0,0.05,0.0,0.05
9594,Thor: God of Thunder,DS,2011.0,Action,Sega,0.09,0.03,0.0,0.01,0.13
11165,R: Racing Evolution,XB,2003.0,Racing,Namco Bandai Games,0.06,0.02,0.0,0.0,0.09
3827,The Grinch,PS,1999.0,Adventure,Konami Digital Entertainment,0.29,0.2,0.0,0.03,0.52
5944,Hamster Tarou,GB,1999.0,Simulation,Jorudan,0.0,0.0,0.3,0.0,0.3
15547,Jinsei Game DS,DS,2006.0,Misc,Atlus,0.0,0.0,0.02,0.0,0.02
10365,Lego Star Wars: The Force Awakens,X360,2016.0,Action,Warner Bros. Interactive Entertainment,1.0,0.06,0.0,0.01,0.11
3337,Hot Shots Golf: World Invitational,PSV,2011.0,Sports,Sony Computer Entertainment,0.19,0.11,0.25,0.06,0.6
11,Nintendogs,DS,2005.0,Simulation,Nintendo,9.07,11.0,1.93,2.75,24.76
20,Brain Age: Train Your Brain in Minutes a Day,DS,2005.0,Misc,Nintendo,4.75,9.26,4.16,2.05,20.22
3098,Kung Fu Panda,PS2,2008.0,Action,Activision,0.24,0.0,0.0,0.41,0.65
11778,And1 Streetball,XB,2006.0,Action,Ubisoft,0.06,0.02,0.0,0.0,0.07
6655,Birds of Steel,PS3,2012.0,Simulation,Konami Digital Entertainment,0.1,0.09,0.02,0.04,0.25
15343,Toki no Kizuna: Hanayui Tsuzuri,PSP,2013.0,Adventure,Idea Factory,0.0,0.0,0.02,0.0,0.02
16357,Monster Jam,PC,2007.0,Racing,Activision,0.01,0.0,0.0,0.0,0.01
15018,Mesaze!! Tsuri Master: Sekai ni Challenge! Hen,Wii,2008.0,Sports,Hudson Soft,0.0,0.0,0.02,0.0,0.02
11340,Nano Assault,3DS,2011.0,Shooter,Majesco Entertainment,0.08,0.0,0.0,0.01,0.08
12388,Spy Games: Elevator Mission,Wii,2007.0,Shooter,Tommo,0.06,0.0,0.0,0.0,0.06
8311,Macross Ultimate Frontier,PSP,2009.0,Action,Namco Bandai Games,0.0,0.0,0.17,0.0,0.17
11368,Forbidden Siren 2,PS2,2006.0,Action,Sony Computer Entertainment,0.0,0.0,0.08,0.0,0.08
4515,Minecraft,WiiU,2016.0,Misc,Microsoft Game Studios,0.18,0.09,0.14,0.03,0.43
8058,Driver: San Francisco,PC,2011.0,Racing,Ubisoft,0.05,0.1,0.0,0.03,0.18
5377,The Fairly Odd Parents: Shadow Showdown,GBA,2004.0,Platform,THQ,0.25,0.09,0.0,0.01,0.34
15547,Jinsei Game DS,DS,2006.0,Misc,Atlus,0.0,0.0,0.02,0.0,0.02
13211,Adventure Time: Explore the Dungeon Because I Don't Know!,PS3,2013.0,Action,D3Publisher,0.02,0.02,0.0,0.01,0.05
16270,Starry ? Sky: After Autumn,PSP,2011.0,Misc,Aqua Plus,0.0,0.0,0.01,0.0,0.01
8232,Open Season,GC,2006.0,Platform,Ubisoft,0.13,0.03,0.0,0.0,0.17
9161,Atari's Greatest Hits: Volume 1,DS,2010.0,Misc,Atari,0.13,0.0,0.0,0.01,0.14
9932,Castlevania: Curse of Darkness,XB,2005.0,Action,Konami Digital Entertainment,0.09,0.03,0.0,0.0,0.12
15669,Gadget Racers (PAL),PS2,2002.0,Racing,Zoo Digital Publishing,0.0,0.0,0.02,0.0,0.02
15761,Hands On! Tangrams,DS,2009.0,Puzzle,Storm City Games,0.02,0.0,0.0,0.0,0.02
650,Frogger's Adventures: Temple of the Frog,GBA,,Adventure,Konami Digital Entertainment,2.15,0.18,0.0,0.07,2.39
6713,Disgaea 2: Dark Hero Days,PSP,2009.0,Role-Playing,Nippon Ichi Software,0.1,0.01,0.12,0.02,0.25
6646,Tony Hawk's Proving Ground,Wii,2007.0,Sports,Activision,0.22,0.01,0.0,0.02,0.25
5409,Bookworm,DS,2009.0,Puzzle,PopCap Games,0.31,0.01,0.0,0.02,0.34
11769,Super Ghouls 'n Ghosts,GBA,2002.0,Platform,Capcom,0.05,0.02,0.0,0.0,0.07
15945,UNO 52,DS,2006.0,Misc,Zoo Digital Publishing,0.01,0.0,0.0,0.0,0.02
12905,Jirou Akagawa: Majotachi no Nemuri,SNES,1995.0,Adventure,Pack-In-Video,0.0,0.0,0.05,0.0,0.05
7363,Bratz: Girlz Really Rock,Wii,2008.0,Action,THQ,0.19,0.0,0.0,0.02,0.21
11456,Horrid Henry's Horrid Adventure,DS,2010.0,Adventure,Asylum Entertainment,0.0,0.07,0.0,0.01,0.08
261,Halo 5: Guardians,XOne,2015.0,Shooter,Microsoft Game Studios,2.64,1.2,0.03,0.39,4.26
7938,Chibi-Robo! Park Patrol,DS,2007.0,Adventure,Unknown,0.0,0.0,0.19,0.0,0.19
15871,Shin Sangoku Musou Online: Souten Ranbu,PS3,2010.0,Action,Tecmo Koei,0.0,0.0,0.02,0.0,0.02
11795,Winx Club,GBA,2005.0,Shooter,Konami Digital Entertainment,0.05,0.02,0.0,0.0,0.07
4784,Story of Seasons,3DS,2014.0,Simulation,Nintendo,0.0,0.13,0.26,0.01,0.4
1499,Skylanders Giants,X360,2012.0,Action,Activision,0.75,0.45,0.0,0.11,1.32
10938,Import Tuner Challenge (American sales),X360,2006.0,Racing,Ubisoft,0.07,0.01,0.0,0.01,0.09
534,Battlefield 3,PC,2011.0,Shooter,Electronic Arts,0.89,1.43,0.0,0.48,2.79
6335,Fullmetal Alchemist 2: Curse of the Crimson Elixir,PS2,2004.0,Role-Playing,Square Enix,0.13,0.1,0.0,0.03,0.27
996,Tom Clancy's Ghost Recon,XB,2002.0,Shooter,Ubisoft,1.23,0.46,0.0,0.07,1.76
8490,F1 Championship Season 2000,PS2,2000.0,Racing,Electronic Arts,0.06,0.05,0.03,0.02,0.16
7744,The King of Fighters XI,PS2,2006.0,Fighting,Ignition Entertainment,0.07,0.06,0.04,0.02,0.19
10114,Samurai Warriors 4-II,PS4,2015.0,Action,Tecmo Koei,0.03,0.02,0.06,0.01,0.11
7736,Nostalgia,DS,2008.0,Role-Playing,Tecmo Koei,0.16,0.0,0.02,0.01,0.19
2202,Midway Presents Arcade's Greatest Hits: The Atari Collection 1,PS,1996.0,Misc,GT Interactive,0.52,0.36,0.0,0.06,0.94
6204,Cabela's Big Game Hunter 2012,X360,2011.0,Sports,Activision,0.24,0.02,0.0,0.02,0.28
1015,2 Games in 1: Disney Princess & The Lion King,GBA,2004.0,Misc,THQ,1.25,0.46,0.0,0.03,1.75
3172,Wolfenstein,PS3,2009.0,Shooter,Activision,0.25,0.28,0.0,0.11,0.64
11704,Metal Gear Solid V: The Phantom Pain,PC,2015.0,Action,Konami Digital Entertainment,0.0,0.07,0.0,0.0,0.08
9811,Chessmaster: The Art of Learning,PSP,2008.0,Misc,Ubisoft,0.11,0.0,0.0,0.01,0.12
13411,Brave Story: New Traveller (jp sales),PSP,2006.0,Role-Playing,Sony Computer Entertainment,0.0,0.0,0.05,0.0,0.05
13436,Choro Q 64 2: Hacha Mecha Grand Prix Race,N64,1999.0,Racing,Takara,0.0,0.0,0.05,0.0,0.05
4944,Skylanders Giants,WiiU,2012.0,Action,Activision,0.23,0.12,0.0,0.04,0.39
11110,Super Puzzle Fighter II,GBA,,Puzzle,Capcom,0.06,0.02,0.0,0.0,0.09
13310,V-Rally 3,GBA,2002.0,Racing,Atari,0.03,0.01,0.0,0.0,0.05
6038,Turning Point: Fall of Liberty,X360,2008.0,Shooter,Codemasters,0.23,0.04,0.0,0.02,0.29
797,Wipeout: The Game,Wii,2009.0,Misc,Mindscape,1.97,0.0,0.0,0.12,2.09
1044,Toy Story 2: Buzz Lightyear to the Rescue!,PS,1998.0,Platform,Activision,0.99,0.64,0.0,0.08,1.71
8426,Super Power League,SNES,1993.0,Sports,Hudson Soft,0.0,0.0,0.17,0.0,0.17
14096,Hakuouki: Zuisouroku DS,DS,2011.0,Adventure,Idea Factory,0.0,0.0,0.04,0.0,0.04
4374,Shin Megami Tensei: Persona 3,PS2,2006.0,Role-Playing,Tecmo Koei,0.22,0.03,0.0,0.2,0.45
9758,Daikaijyuu Monogatari II,SNES,1996.0,Role-Playing,Hudson Soft,0.0,0.0,0.12,0.0,0.12
14307,Vitamin X Evolution,DS,2008.0,Adventure,D3Publisher,0.0,0.0,0.03,0.0,0.03
2204,Assassin's Creed III,PC,2012.0,Action,Ubisoft,0.28,0.53,0.0,0.13,0.94
10846,Gundam Breaker 3,PS4,2016.0,Action,Namco Bandai Games,0.0,0.0,0.09,0.0,0.09
8955,Medal of Honor: Infiltrator,GBA,2003.0,Shooter,Electronic Arts,0.11,0.04,0.0,0.0,0.15
1336,Sonic Rivals,PSP,2006.0,Racing,Sega,0.73,0.42,0.0,0.28,1.44
5030,Elite Beat Agents,DS,2006.0,Misc,Nintendo,0.31,0.03,0.0,0.03,0.38
9478,Grand Knights History,PSP,2011.0,Role-Playing,Marvelous Interactive,0.0,0.0,0.13,0.0,0.13
5287,Terminator Salvation,X360,2009.0,Shooter,Warner Bros. Interactive Entertainment,0.13,0.18,0.0,0.04,0.35
11083,Defender,XB,2002.0,Misc,Midway Games,0.07,0.02,0.0,0.0,0.09
1634,LEGO Batman 2: DC Super Heroes,PS3,2012.0,Action,Warner Bros. Interactive Entertainment,0.5,0.53,0.0,0.2,1.22
665,Yu-Gi-Oh! The Duelists of the Roses,PS2,2001.0,Misc,Konami Digital Entertainment,1.16,0.91,0.0,0.3,2.38
8899,Armored Core: For Answer,X360,2008.0,Simulation,Ubisoft,0.06,0.01,0.07,0.01,0.15
7817,Trivial Pursuit unhinged,PS2,2004.0,Misc,Atari,0.09,0.07,0.0,0.02,0.19
10934,Let's Ride! Silver Buckle Stables,PS2,2006.0,Sports,THQ,0.05,0.04,0.0,0.01,0.09
3364,Skylanders SWAP Force,WiiU,2013.0,Platform,Activision,0.4,0.15,0.0,0.06,0.6
15663,Nobunaga no Yabou: Soutensoku with Power-Up Kit,PSP,2011.0,Strategy,Tecmo Koei,0.0,0.0,0.02,0.0,0.02
5407,Momotarou Dentetsu DS: Tokyo & Japan,DS,2007.0,Misc,Hudson Soft,0.0,0.0,0.34,0.0,0.34
5804,40 Winks,PS,1999.0,Platform,GT Interactive,0.17,0.12,0.0,0.02,0.31
1135,Rock Band,PS3,,Misc,Electronic Arts,0.99,0.41,0.0,0.22,1.62
14562,Hyperdimension Neptunia Vs. Sega Hard Girls: Yume no Gattai Special,PSV,2015.0,Role-Playing,Compile Heart,0.0,0.0,0.03,0.0,0.03
14727,NBA 2K7,XB,2006.0,Sports,Take-Two Interactive,0.02,0.01,0.0,0.0,0.03
2622,Too Human,X360,2008.0,Role-Playing,Microsoft Game Studios,0.38,0.3,0.03,0.08,0.79
2758,Just Dance 2015,WiiU,2014.0,Misc,Ubisoft,0.4,0.28,0.0,0.07,0.75
5108,Hell's Kitchen: The Game,DS,2008.0,Simulation,Ubisoft,0.34,0.01,0.0,0.03,0.37
1726,Sonic Rush Adventure,DS,2007.0,Platform,Sega,0.54,0.49,0.01,0.12,1.17
1997,Disney Fairies: Tinker Bell and the Lost Treasure,DS,2009.0,Adventure,Disney Interactive Studios,0.57,0.35,0.02,0.1,1.04
12730,Aggressive Inline,GC,2002.0,Sports,Acclaim Entertainment,1.0,0.01,0.0,0.0,0.06
5093,Tobal 2,PS,1997.0,Fighting,SquareSoft,0.0,0.0,0.35,0.02,0.37
5499,Madden NFL 09,DS,2008.0,Sports,Electronic Arts,0.3,0.0,0.0,0.03,0.33
242,Spider-Man: The Movie,PS2,2002.0,Action,Activision,2.71,1.51,0.03,0.23,4.48
9860,Lost Magic,DS,2006.0,Role-Playing,Ubisoft,0.09,0.0,0.02,0.01,0.12
3265,Strike Force Bowling,PS2,2004.0,Sports,Play It,0.3,0.24,0.0,0.08,0.62
1053,We Ski,Wii,2008.0,Sports,Namco Bandai Games,0.99,0.42,0.14,0.15,1.7
8626,Naruto: Ultimate Ninja Heroes 2 - The Phantom Fortress,PSP,2006.0,Fighting,Atari,0.14,0.0,0.0,0.01,0.16
2116,Suikoden III,PS2,,Role-Playing,Unknown,0.29,0.23,0.38,0.08,0.98
3377,Monopoly,X360,2008.0,Misc,Electronic Arts,0.34,0.2,0.0,0.06,0.6
12667,Fatal Frame,XB,2002.0,Action,Tecmo Koei,1.0,0.01,0.0,0.0,0.06
789,Project Gotham Racing (JP weekly sales),XB,2002.0,Action,Microsoft Game Studios,1.54,0.44,0.04,0.07,2.1
11103,Karaoke Revolution Presents American Idol Encore 2,X360,2008.0,Misc,Konami Digital Entertainment,0.08,0.0,0.0,0.01,0.09
13729,Unchained Blades,3DS,2011.0,Role-Playing,FuRyu,0.0,0.0,0.04,0.0,0.04
9274,BIT.TRIP SAGA,3DS,2011.0,Misc,Rising Star Games,0.09,0.04,0.0,0.01,0.14
12475,Crazy Chicken Tales,Wii,2009.0,Action,Conspiracy Entertainment,0.06,0.0,0.0,0.0,0.06
15361,Bella Sara 2 - The Magic of Drasilmare,3DS,2013.0,Adventure,Big Ben Interactive,0.0,0.02,0.0,0.0,0.02
2439,Army of Two: The 40th Day,PS3,2010.0,Shooter,Electronic Arts,0.44,0.27,0.01,0.12,0.85
12183,Nobunaga no Yabou: Tendou with Power-Up Kit,PS3,2011.0,Strategy,Tecmo Koei,0.0,0.0,0.07,0.0,0.07
10463,Metal Arms: Glitch in the System,GC,2003.0,Shooter,Vivendi Games,0.08,0.02,0.0,0.0,0.1
2752,Tales of Vesperia,X360,2008.0,Role-Playing,Atari,0.32,0.18,0.19,0.05,0.75
12373,Mega Minis Volume 3,PSP,2011.0,Misc,Sony Computer Entertainment,0.0,0.05,0.0,0.02,0.06
10947,Yourself Fitness,XB,2004.0,Sports,responDESIGN,0.07,0.02,0.0,0.0,0.09
12309,Kururin Paradise,GBA,2002.0,Puzzle,Unknown,0.0,0.0,0.06,0.0,0.06
8744,Stormrise,X360,2009.0,Strategy,Sega,0.11,0.03,0.0,0.01,0.15
427,Dragon Quest VI: Maboroshi no Daichi,SNES,1995.0,Role-Playing,Enix Corporation,0.0,0.0,3.19,0.0,3.19
8351,Disney's Home on the Range,GBA,2004.0,Action,Disney Interactive Studios,0.12,0.04,0.0,0.0,0.17
7667,Ridge Racer,PSV,2011.0,Racing,Namco Bandai Games,1.0,0.08,0.05,0.03,0.2
2885,LEGO Racers,N64,1999.0,Racing,LEGO Media,0.51,0.18,0.0,0.01,0.71
1596,Lara Croft Tomb Raider: The Angel of Darkness,PS2,2003.0,Action,Eidos Interactive,0.61,0.48,0.0,0.16,1.25
6724,Ninja Gaiden 3,X360,2012.0,Action,Tecmo Koei,0.16,0.05,0.03,0.02,0.25
12082,Ken to Mahou to Gakuen Mono. 3,PS3,2010.0,Role-Playing,Acquire,0.0,0.0,0.07,0.0,0.07
5806,Fate/Extra,PSP,2010.0,Role-Playing,Marvelous Interactive,0.18,0.01,0.1,0.02,0.31
14667,Wrestle Angels: Survivor 2,PS2,2008.0,Fighting,Tryfirst,0.0,0.0,0.03,0.0,0.03
12949,Choujikuu Yousai Macross: Do You Remember Love,PS3,2012.0,Shooter,Namco Bandai Games,0.0,0.0,0.05,0.0,0.05
4691,BioShock,PC,2007.0,Shooter,Take-Two Interactive,0.01,0.39,0.0,0.02,0.41
16131,Voodoo Chronicles: First Sign,PC,2011.0,Adventure,ValuSoft,0.01,0.0,0.0,0.0,0.01
903,Toy Story Mania!,Wii,2009.0,Misc,Disney Interactive Studios,1.06,0.67,0.0,0.18,1.92
7344,WCW Backstage Assault,PS,1999.0,Action,Electronic Arts,0.12,0.08,0.0,0.01,0.21
9043,Second Sight,PS2,2004.0,Adventure,Codemasters,0.07,0.05,0.0,0.02,0.14
14752,Warship Gunner 2,PS2,2006.0,Simulation,Tecmo Koei,0.01,0.01,0.0,0.0,0.03
7441,Solatorobo: Red the Hunter,DS,2010.0,Role-Playing,Nintendo,0.08,0.04,0.07,0.01,0.21
2393,The House of the Dead: Overkill,Wii,2009.0,Shooter,Sega,0.46,0.31,0.02,0.09,0.87
2798,Classic NES Series: Donkey Kong,GBA,2004.0,Platform,Nintendo,0.4,0.15,0.17,0.01,0.73
16321,Dungeon Explorer: Warriors of Ancient Arts,PSP,2007.0,Role-Playing,Rising Star Games,0.01,0.0,0.0,0.0,0.01
14207,Red Faction: Guerrilla,PC,2009.0,Shooter,THQ,0.0,0.03,0.0,0.01,0.03
6914,My Street,PS2,2003.0,Misc,Sony Computer Entertainment,0.12,0.09,0.0,0.03,0.24
11588,Tokimeki Memorial 4,PSP,2009.0,Adventure,Konami Digital Entertainment,0.0,0.0,0.08,0.0,0.08
12088,Fighter Maker 2,PS2,2002.0,Fighting,Enterbrain,0.03,0.03,0.0,0.01,0.07
12680,The Amazing Spider-Man 2 (2014),WiiU,2014.0,Action,Activision,0.03,0.02,0.0,0.0,0.06
9910,Sniper Elite,Wii,2010.0,Shooter,Reef Entertainment,0.08,0.03,0.0,0.01,0.12
6421,Superman Returns,X360,2006.0,Action,Electronic Arts,0.23,0.02,0.0,0.02,0.27
12268,World Poker Tour,XB,2005.0,Misc,Take-Two Interactive,0.05,0.01,0.0,0.0,0.06
14444,Jyuzaengi: Engetsu Sangokuden,PSP,2012.0,Action,Idea Factory,0.0,0.0,0.03,0.0,0.03
15221,Iron Phoenix,XB,2005.0,Fighting,Sega,0.02,0.0,0.0,0.0,0.02
8882,Jaws Unleashed,XB,2006.0,Action,THQ,0.11,0.03,0.0,0.01,0.15
9473,Hasbro Family Fun Pack,XOne,2015.0,Misc,Ubisoft,0.1,0.02,0.0,0.01,0.13
5096,Tiger Woods PGA Tour 09,PS2,2008.0,Sports,Electronic Arts,0.16,0.0,0.0,0.21,0.37
16562,Sugar + Spice! Anoko no Suteki na Nanimokamo,PS2,2008.0,Adventure,Alchemist,0.0,0.0,0.01,0.0,0.01
9525,Borderlands: Double Game Add-On Pack,X360,2010.0,Shooter,Take-Two Interactive,0.1,0.02,0.0,0.01,0.13
8679,DiRT 3,PC,2011.0,Racing,Codemasters,0.0,0.13,0.0,0.03,0.16
5530,Vin Diesel: Wheelman,PS3,2009.0,Racing,Ubisoft,0.12,0.15,0.0,0.06,0.33
5985,One Piece Unlimited Cruise 2: Awakening of a Hero,Wii,2009.0,Action,Namco Bandai Games,0.0,0.1,0.17,0.02,0.29
11052,Batman Beyond: Return of the Joker,N64,2000.0,Action,Ubisoft,0.07,0.02,0.0,0.0,0.09
5417,Spy Hunter,XB,2002.0,Racing,Midway Games,0.25,0.07,0.0,0.01,0.34
12016,Gintama DS: Yorozuya Daisoudou,DS,2006.0,Action,Namco Bandai Games,0.0,0.0,0.07,0.0,0.07
757,The Sims: House Party,PC,2001.0,Simulation,Electronic Arts,1.23,0.83,0.0,0.1,2.16
1617,Driv3r,PS2,2004.0,Racing,Atari,0.6,0.47,0.0,0.16,1.23
529,Killzone 3,PS3,2011.0,Shooter,Sony Computer Entertainment,1.45,0.88,0.09,0.38,2.79
3057,Tony Hawk's Proving Ground,PS2,2007.0,Sports,Activision,0.55,0.02,0.0,0.09,0.66
15626,Princess Frontier Portable,PSP,2011.0,Adventure,Alchemist,0.0,0.0,0.02,0.0,0.02
8591,Destruction Derby 64,N64,1999.0,Racing,THQ,0.13,0.03,0.0,0.0,0.16
16055,SoulLink Extension,PS2,2006.0,Adventure,Interchannel,0.0,0.0,0.01,0.0,0.01
4065,Crazy Taxi,GC,2001.0,Racing,Acclaim Entertainment,0.36,0.09,0.02,0.01,0.49
8385,Shrek Extra Large,GC,2002.0,Platform,TDK Mediactive,0.13,0.03,0.0,0.0,0.17
8620,Shaun White Skateboarding,X360,2010.0,Sports,Ubisoft,0.1,0.05,0.0,0.01,0.16
817,Tom Clancy's Splinter Cell: Conviction,X360,2010.0,Action,Ubisoft,1.2,0.63,0.04,0.19,2.06
4239,Disney's Kim Possible 3: Team Possible,GBA,2005.0,Platform,Disney Interactive Studios,0.33,0.12,0.0,0.01,0.46
15420,Trapped Dead,PC,2011.0,Strategy,Iceberg Interactive,0.0,0.02,0.0,0.0,0.02
7867,Sesame Street: Elmo's Number Journey,N64,1999.0,Misc,NewKidCo,0.15,0.04,0.0,0.0,0.19
145,Metal Gear Solid 4: Guns of the Patriots,PS3,2008.0,Action,Konami Digital Entertainment,2.63,1.74,0.83,0.83,6.03
9519,Farming Simulator 2011,PC,2010.0,Simulation,Sanya,0.0,0.13,0.0,0.0,0.13
8394,Off-World Interceptor Extreme,PS,1995.0,Racing,Crystal Dynamics,0.09,0.06,0.0,0.01,0.17
5592,NCAA Basketball 10,X360,2009.0,Sports,Electronic Arts,0.3,0.0,0.0,0.02,0.32
8185,ESPN X Games Skateboarding,GBA,2001.0,Sports,Konami Digital Entertainment,0.13,0.05,0.0,0.0,0.18
3469,International Superstar Soccer '98,N64,1998.0,Sports,Konami Digital Entertainment,0.06,0.3,0.19,0.03,0.58
902,PaRappa The Rapper,PS,1996.0,Misc,Sony Computer Entertainment,0.26,0.16,1.46,0.03,1.92
5858,Super Robot Taisen W,DS,2007.0,Strategy,Banpresto,0.0,0.0,0.3,0.0,0.3
439,Resident Evil 6,PS3,2012.0,Shooter,Capcom,0.88,0.97,0.88,0.42,3.15
826,Pokémon Mystery Dungeon: Blue Rescue Team,DS,2005.0,Role-Playing,Nintendo,1.16,0.06,0.83,0.0,2.05
5249,DanceDanceRevolution,Wii,2010.0,Simulation,Konami Digital Entertainment,0.29,0.04,0.0,0.02,0.36
5364,Skylanders: Trap Team,XOne,2014.0,Action,Activision,0.25,0.07,0.0,0.03,0.34
5606,Ben 10 Ultimate Alien: Cosmic Destruction,DS,2010.0,Platform,D3Publisher,0.22,0.08,0.0,0.03,0.32
2761,Marvel: Ultimate Alliance 2,PS3,2009.0,Role-Playing,Activision,0.49,0.16,0.0,0.09,0.75
1957,DJ Hero,X360,2009.0,Misc,Activision,0.56,0.4,0.0,0.11,1.06
9353,Blade II,XB,2002.0,Action,Activision,0.1,0.03,0.0,0.0,0.13
14635,1000 Cooking Recipes from ELLE à table,DS,2010.0,Misc,Nintendo,0.0,0.02,0.0,0.0,0.03
3345,NBA 2K8,PS2,2007.0,Sports,Take-Two Interactive,0.5,0.02,0.0,0.08,0.6
4948,Marvel: Ultimate Alliance,PS3,2006.0,Role-Playing,Activision,0.33,0.02,0.0,0.04,0.39
10150,The Fairly Odd Parents: Breakin Da Rules,XB,2003.0,Platform,THQ,0.08,0.02,0.0,0.0,0.11
16584,Fit & Fun,Wii,2011.0,Sports,Unknown,0.0,0.01,0.0,0.0,0.01
675,Dragon Warrior Monsters,GB,1998.0,Role-Playing,Eidos Interactive,0.0,0.0,2.34,0.01,2.35
